date,id,topics,verified,content,updated
2018-11-18T03:10Z,1,,false,"dear Blueno, i love you",
2018-11-18T03:10Z,2,,false,"But seriously, shout out to the BBA admins for the initiative!",
2018-11-18T03:11Z,3,,false,Whenever I feel üòî. I go to www.crocs.com and look at all the beautiful crocs that are on sale üòä.,2018-11-18T03:11Z
2018-11-18T03:11Z,4,,false,"Ok so the bathroom in the ratty is so goddamn dark and I can‚Äôt see what‚Äôs coming out of me when I‚Äôm in the end stalls. It‚Äôs very disorienting to not know the size, shape, color, etc.",
2018-11-18T03:11Z,5,,false,"I‚Äôm so done with trying to have sex at this school. I've been on tinder for a while since I've gotten here and it's been pretty lame. I started talking to this one dude and we've been on a couple dates and he's really cute. Last night I invited him to my appartment. We made out and then I started to make dinner for us. I felt like I was eating too much, and I said, ""Sorry, my period makes me feel like I'm starving."" He was just like, ""no worries"" and we started talking about the weather. I said ""it's so gross. It makes me feel gross"" and he was like ""I feel a little gross too. Let's take a shower."" So we're in the shower making out, and I tell him ""You know my shower is too small to be fucking in, but I can still get on my knees."" And he's just like ""nah, no thank you."" And I was really confused but I just said okay. We dried off and layed in bed and kissed and I asked him if there was anything else he wanted to do, and he's like ""no, just kissing you and holding you is amazing."" He was really sweet, but I kinda felt like a hoe. That was the rest of our night until he had to get on the bus. I talked to him later via snapchat after he left. I asked him if he enjoyed our time together and asked if I was too forward. He asked me ""have you heard of no nut November"" and so I'm fucking dead, you guys.",
2018-11-18T03:11Z,6,,false,The mailroom not properly notifying people when they receive letter mail is a big yikes in regards to people not realizing their absentee ballots arrived‚Äî likely weeks ago.,
2018-11-18T03:11Z,7,,false,"I'm really sad and alone right now. Not all the time, just right now, and I have no one to tell because I don't want to burden them. Everything is so difficult. Everything is so difficult.",
2018-11-18T03:11Z,8,,false,"Dear Blueno, 
I really wish all the students (undergraduates and graduates) would take into consideration of the fact that not everyone was born with a silver spoon. Some people come from not-so-privileged background, and didn't grow up with/can't afford a lavish life. I wish everyone would allow us low-income students a space to breathe without being reminded every second that we are far too different. 
I also wish my friends would understand that the reason I keep canceling plans, or avoid social events to go out for food and drinks is because I simply can't afford to. 
Also, S/O to Shiru cafe for saving my broke ass! U DA BOMB DOT COM!",
2018-11-18T03:15Z,9,,false,"Here's to all the guys who can't cry, no matter how much they'd like to or how cathartic it'd be. It's hard having your emotions repressed for so long that your body physically cannot respond to your feelings anymore, like yikes",
2018-11-18T03:15Z,10,,false,why r some ppl rude bitches with no balls,
2018-11-18T03:18Z,11,,false,"Motion to start playing cartoons on saturday mornings in the ratty. Anything but CNN, Blease.",
2018-11-18T03:18Z,12,,false,I wish I could function without my meds,
2018-11-18T03:18Z,13,,false,"It's times like these where I have an excruciating headache from staring at code for 5+ hours and I've been waiting for TA hours for ~6 hours even though it's not assured that I'll be seen, that makes me so happy that I'm dropping this stuff and returning back to the world of humanities forever.",
2018-11-18T03:18Z,14,,false,Where can a girl get viagra,
2018-11-18T03:19Z,15,,false,"Tldr: do not be inconsiderate when you get drunk. CW: panic attacks and vomit. Just a reminder: please be courteous when you go out and get drunk. Drunk people tried to enter my room when I was sleeping, and I had a panic attack at three loud men banging at my door. Also, my low-income friend was thrown up on by a person a couple of weeks ago while they were in their fancy clothes. They had to pay to get their stuff dry-cleaned, and that is really not fair for some inconsiderate person to impose that financial burden on them.",
2018-11-18T03:26Z,16,,false,"I have a lot of respect for the Brown Band, but the thing they do when they play at 9 in the morning is annoying and ridiculous. It ruins everyone's morning and is anxiety-inducing",
2018-11-18T03:26Z,17,,false,if you vape in the rock i hope you have a horrible day ‚ô•,
2018-11-18T03:26Z,18,,false,People who take up tables with computers but dont use the computers...why????,
2018-11-18T03:26Z,19,,false,"Idk who to vent this to anymore. A lot of the courses in take about 20 hours a week outside of class. It feels like everybody is assuming that students are only taking 2 - 3 courses a sem when in fact it's 4.

CS 17 has been a super awesome course but the last few weeks were just so overwhelming. Nobody, nobody, NOBODY seemed to take into account the very difficult transition from Dr Racket to Ocaml. The lecture was rushed, the lab was long and difficult, the Subset homework during that week was very conceptually challenging.

And then there's the project Eliza, whose design check is not simple at all - you sort of have to know EVERYTHING about Eliza conceptually, and all you have left is to write the code - to get good grades on the Design Check.

Lastly, the homework is uploaded on a Thursday, with a due date on TUESDAY. Even with the late day, that is just... Really really really tough. I was just hoping for things to calm down because my other courses do require attention and those courses have exams too. But nothing's calming down. There is still a homework that is due in five days when I still haven't felt familiarized with this super weird programming language. I lowkey just want to scream. I kind of wish the homework was uploaded earlier so I could at least some of it out of the way................................................ 

Just a little bit overwhelmed and salty. Just a little bit.",
2018-11-18T03:32Z,20,,false,"As a female now dating a male, I feel invalidated as a bisexual and am nervous to talk about my boyfriend because I feel like it erases my bisexuality.",
2018-11-18T03:32Z,21,,false,Where can I unlearn my anti-blackness?,
2018-11-18T03:34Z,22,,false,"Guy in a purple hoodie riding a skateboard on the sidewalk outside the Sci Li: you're an asshole. Ride on the street if you want to go that fast, I almost knocked somebody over trying to get out of the way because you didn't have the decency to slow down.",
2018-11-18T03:34Z,23,,false,I just want an internship offer pls pls pls I've working hard for so long and I want to see some reward,
2018-11-18T03:34Z,24,,false,Still don't understand why the water fountains in the Nelson are right next to the bathrooms. Why would anyone want the lingering smell of gym poo in their nostrils while the try to rehydrate?,
2018-11-18T03:37Z,25,,false,"Forcing myself to be mature and reasonable and shit's exhausting, especially with how much there is to do besides. The temptation to be immature and stupid when things go unexpectedly wrong is unfairly strong and I'm so tired of myself üôÉ",
2018-11-18T03:38Z,26,,false,Why‚Äôm i paying 50k a year to get a cold shower with less pressure than the freakin rain in providence,
2018-11-18T03:38Z,27,,false,"-2 seconds after TA signup queue starts- ""You are 71st in queue""",
2018-11-18T03:58Z,28,,false,Any advice on finding new friends?,
2018-11-18T03:59Z,29,,false,"Dear Blueno, I feel like I don‚Äôt matter to anyone at all and I feel like no one cares about me and that it would just be better if I wasn‚Äôt here, but I don‚Äôt want to bother the people I care about with the stupid mental illness bullshit.",
2018-11-18T04:06Z,30,,false,"I‚Äôm terrified of accidentally getting pregnant in large part because I feel like I‚Äôd have to make a choice about whether I want to continue being a brown student. I‚Äôm on a very reliable almost perfect contraceptive, but accidents happen. For all of the safe sex education and free condoms and free pregnancy tests all over the place, there‚Äôs practically no information available on what happens if you actually get pregnant. I‚Äôm pro-choice, and not sure if I‚Äôd get an abortion (hence the fact that it is my CHOICE) , but feel like there‚Äôs zero info available on other options, particularly parenting as a brown student. Would the university support me? Why is there no info? How can we support choice without crucial info about the choices available?",
2018-11-18T15:04Z,31,,false,"Real sick of folks who don‚Äôt respect quiet study spaces. it‚Äôs not just annoying, it can make it impossible to study with my learning disability. quiet spaces are essential to doing my daily academic work. if you see a friend, please just pop outside",
2018-11-18T15:04Z,32,,false,How can fuck do they determine if someone is a good cs ta or not in just 10 minutes???? I feel like these interviews are not accurate AT ALL of how good of a ta that student can be.,
2018-11-18T15:04Z,33,,false,"I have had what can only be described as a horrific semester personally (close family deaths, physical illness, and mental health issues), but my academic performance has been insanely good and and being at school feels amazing right now. I just don‚Äôt know how to feel and sometimes I wish I could share it more. College is weird, but I can‚Äôt imagine being anywhere else and I‚Äôm so grateful to be around all you wonderful people.",
2018-11-18T15:05Z,34,,false,"I feel like the disproportionate amount of CS-related anxiety and distress posts warrants its own page. Like a sub-page of Dear Blueno tailored to CS students. I mean, I'm no CS student, but the CS posts (besides the admiring ones, of course) fill me with such concern that I feel like we need a platform exclusively for them to handle their expansive quantity of issues. That's not to say that other departments couldn't make use of a specific complaint/problem-based platform, too. But, damn it, I can't go five posts (whether in the old BBA, the new one, or even this new page) without seeing something CS-related and I'm just like, """"OMG what is up with this department? Why are so many students complaining and their complaints seemingly not addressed? Because if they were, they'd stop being so frequent on the single most popular FB page among Brown students. This clearly isn't a Brown thing, or even a STEM thing. It's a CS thing, and it needs to stop."""" I'm sure the apparent volume of the CS department's problems are partially a consequence of the sheer size of the department, and I already know there's a group of students dedicated to improving the overall atmosphere of the department (I'm not very familiar with your work, as I don't do CS, but I'm sure it's great--the fact that you exist is a step in the right direction). But seriously, can we just take a minute to talk about this, and why it keeps happening with seemingly no loss of momentum? I know APMA has this problem, too, but its usually just 1650. There are plenty of ways to deal with a mess as isolated as a single course. But CS isn't just a single course; just to name some problematic courses off the top of my head, I've seen an abundance of posts complaining about 15, 17, and 33. And, perhaps, I have no right bringing light to an issue I have no business dealing with, but I believe my position as an outsider speaks to the fact that this problem (or series of problems) is too large to be confined to the common knowledge of a single department). 
Of course, the above sentiment should be taken with a grain of salt, as I'm assuming every post is written by a distinct person, when it could just be the same handful of people complaining about different but related things (one of the downsides of anonymous platforms like this one is that you can't use them to gauge the extent or popularity of an issue, and so """"objects in the mirror are closer than they appear""""). However, I still believe talking about the dysfunctional nature of one department has its merits. And it's not something only """"CS-students"""" should have to deal with, but something all students who've had any experiences with or within the CS department should be involving themselves in. Why leave it a CS-community issue? Why not promote it to a Brown-community issue? After all, isn't looking out for one other something Brown students are particularly known for?",
2018-11-18T15:07Z,35,,false,"Low-key this will hardly be anonymous for anyone who knows me, but... I decided VERY recently to take next semester off to get new perspectives on my education from being out in the Real World, and to put some good into the world. 

Any advice from people who have taken a semester off? I know this is what's right for me but that doesn't change the fact that it's a terrifying dive into the unknown; I'm declaring leave without a job/internship set up, and I'm planning to travel far away during my time off. Anybody have success getting last minute spring semester internships? Anyone taken a gap semester far from Brown and have perspective on what it's like on a personal level leaving Brown in the middle of your education? Anyone know any truly good non-profits that would take me for a semester where I can really help people?",
2018-11-18T19:40Z,36,,false,"soooo liiiike does biromantic count as queer? what about panromantic? is that even a thing? --- girl who calls herself ""mostly straight"" but doesn't really know if that's true bc lots of ppl are pretty and cool and have v kissable mouths",
2018-11-18T19:40Z,37,,false,Anyone have practical advice on the best ways to destress from school?,
2018-11-18T19:41Z,38,,false,Sorry to the people who‚Äôs suite I puked in at the champagne frat... I will come clean today if you guys want?,
2018-11-18T19:41Z,39,,false,I‚Äôm so frustrated with him for breaking up with me. I‚Äôm so angry at him for not giving us a real chance when we both clearly like each other.,
2018-11-18T19:41Z,40,,false,I want to get involved in hookup culture but I don‚Äôt know how,
2018-11-18T19:41Z,41,,false,"I am so sexually frustrated right now. I've been trying to exercise it off, distract myself by focusing on work... but I can't. I need hands on me.",
2018-11-18T19:42Z,42,,false,"i don't like to say this, because it sounds so bad, but I really don't like it when my friends tell me about their emotional problems because I never know what to say. I try to be reassuring of course, and it's not like I can't relate to having emotional problems because I tell them mine all the time. But I just feel like I never have the right words to say to make them feel better. It doesn't feel good.",
2018-11-18T19:42Z,43,,false,"Dear Blueno, why do I have a third roommate when I didn‚Äôt sign up for it, excuse me what the fuck?!",
2018-11-18T19:43Z,44,,false,How can I get ratty to have unsweetened soy milk. Their vanilla soy milk is WAY too sweet,
2018-11-18T19:43Z,45,,false,"@34 - I honestly don‚Äôt think there‚Äôs anything wrong with CS at brown. The department does a tremendous amount to make students feel welcome and supported, the professors are readily accessible, and the ta program provides an abundant amount of help. Also the courses are all just designed really well in general and by and large students are probably more engaged here than at most other university CS programs. The posts complaining about CS aren‚Äôt really complaining about the nature of the department, in my opinion (although things can always be tweaked for improvement) - they‚Äôre just reflections of the fact that CS is freaking hard and that sometimes, even with all the support in the world, you‚Äôre just going to have to struggle through an assignment. That‚Äôs why it can help to commisserate a bit through BBA and just relate to the fact that other kids struggle sometimes too.",
2018-11-18T22:24Z,46,,false,"@34 Share your CS experiences here:
https://docs.google.com/forms/d/1VuW8OeiAKuscppIu4Ig-bQskpPoMUZDJjlekrsNBkFw",2018-11-18T22:24Z
2018-11-18T22:24Z,47,,false,"Shoutout to all my homies on campus who feel like they've been wasting their time in college because they've been here for X years and somehow failed to make any meaningful relationships, achieve anything to be proud of, or experience any part of that 'college life' you totally thought was going to happen. 
Here's to the squad.",
2018-11-18T22:24Z,48,,false,"I‚Äôve been seeing a lot of posts both criticizing and defending the CS department. Everyone‚Äôs experience and their struggles are valid. Yes, waiting for 5+ hours in line even though you signed up early is terrible. Waiting for hours and hours every day only to be seen 15ish minutes, not being able to go far from the CIT, or constantly having to check the lines to see how many people are before you are all stressful. It‚Äôs also completely understandable for you to feel a lack of support. I feel it every day, especially when I‚Äôm stuck and can‚Äôt do anything about it, because I know Googling will not get me anywhere and talking to other students in the class can be like walking on a landmine because of the collaboration policy. It‚Äôs also frustrating when you see other students very obviously breaking the collaboration policy but get away with it. Either way, the list goes on. The tasks are difficult and the working conditions are stressful. That being said, I just want to say that blame shouldn‚Äôt be placed on either yourself or the CS department. It‚Äôs unfair to allocate all your blame on one or the other. I know it‚Äôs difficult, but I know you‚Äôll get through it. If you‚Äôve don‚Äôt, that‚Äôs also okay! There are countless people from both sides who can tell you that it‚Äôll be fine in the end. Good luck to everyone who‚Äôs going through these struggles. We‚Äôre almost there!",
2018-11-18T22:25Z,49,,false,"Yo can people stop congregating near the windows on the 13th floor of the scili, when theres people sitting and working. ITS REALLY FUCKING DISTRACTING. (as if the gorgeous view wasnt a distraction enough, I dont need a bunch of people around me)",
2018-11-18T22:25Z,50,,false,"Dear Blueno, I really want to move out and I feel so trapped in my own room. I feel like given everything Brown stands for, it should not be forcing you to stay in a situation you are clearly uncomfortable with. I really wish there was an easier process to just get out of it. I don‚Äôt want to talk to my roommate anymore and I am so very scared of them. I feel so helpless and angry and I don't know what to do. This has been the worst semester of my time at Brown and I don‚Äôt even know what mental health is anymore.",
2018-11-18T22:57Z,51,,false,Why did this get split off from the admirations exactly? A clear majority voted for non-admiration content on Blueno Bears Admirers.,
2018-11-18T22:58Z,52,,false,I'm feeling a little lost. Who can I speak to about independent concentration?,
2018-11-18T22:58Z,53,,false,"Being pre-med is really hard :( Orgo II is kicking my butt, and compounded with all the other classes I'm taking it's all too much. Tbh just thinking of quitting... any advice?",
2018-11-18T22:58Z,54,,false,Is it socially acceptable for a 21yo to hook up with a 18yo? Asking for a friend whos finna scramble,
2018-11-18T22:59Z,55,,false,thank you shell 2 for ripping out my intestines and feeding them to me,
2018-11-18T22:59Z,56,,false,"Y‚Äôall really singing ‚Äúyou belong with me‚Äù and ‚Äúprice tag‚Äù at 12am on Monday night as loud as possible for all of Barbour to hear?? thank u, next",
2018-11-18T22:59Z,57,,false,does anyone have any information on where to get support to study abroad? I know I want to I just don‚Äôt know where to begin!! you are all so great thank you!,
2018-11-18T22:59Z,58,,false,Anyone here have Sephora Rouge membership? Im tryna get that discount on some cologne.,
2018-11-18T22:59Z,59,,false,"Genuine question: are parties thrown by specific ethnic/racial groups meant to be inclusive of everyone? I‚Äôm wondering if I should be more aware of my place as a non-POC in certain places that are meant to be for POC, aka I shouldn‚Äôt infringe upon specific spaces/events possibly meant for POC",
2018-11-18T22:59Z,60,,false,"Anyone else feeling jaded/disenchanted about Brown financially, socially and institutionally?",
2018-11-18T22:59Z,61,,false,People have been putting milk in tea this whole time and we‚Äôve just been letting it happen?,
2018-11-18T22:59Z,62,,false,Change My Mind: Peppermint Mocha >>>> Pumpkin Spice,
2018-11-18T22:59Z,63,,false,I really appreciate the super crossed boys claiming to be lost and from URI who were in New Dorm B kitchen last night and stole $23 out of my wallet when I left to the bathroom. You left your $100+ speakers there for me to take! Thanks!,
2018-11-18T23:00Z,64,,false,"Just found out I failed a midterm - how do I deal?
I really put in a lot of effort into the class, too. I really did try my best :(",
2018-11-18T23:00Z,65,,false,Request to change the course title of CS33 to Introduction to CS Sophomore Slump: Part 1,
2018-11-18T23:00Z,66,,false,shoutout to the people being really fucking loud in the rock basement and also playing music,
2018-11-18T23:00Z,67,,false,Thanks to all my friends for simultaneously turning on me at once without even letting me speak. Really happy I put so much time into this group,
2018-11-18T23:00Z,68,,false,"Is it a smart idea to study abroad senior fall, or will I end up regretting it? I'm afraid of drifting apart from my friends while away and not having a good spring semester as a result.",
2018-11-18T23:00Z,69,,false,anyone wanna get high?,
2018-11-18T23:00Z,70,,false,"@BBA 2171: I think this post might be about me? If so, I feel the same way, except that in addition I feel guilty because it was indeed my choice. But I texted the person I'm thinking of a couple months ago saying that I'd changed my mind about saying hi, and I never heard back, so it's probably not about me.",
2018-11-18T23:01Z,71,,false,"I am looking for 
-A STEM guy
-Nice
-at least 5'8
That's all. please tag yourself",
2018-11-18T23:01Z,72,,false,To whomever stole the tiny pumpkin and bag of kitkats outside the door in Goddard: you are the scum of the Earth,
2018-11-18T23:01Z,73,,false,will all my baby daddies please stand up?,
2018-11-18T23:01Z,74,,false,"Why are people reacting to ""let's get this bread"" as if it's such an innovative thing? The phrase has been used in hip hop culture since, like, 20 years ago. It's not new!",
2018-11-18T23:01Z,75,,false,Why aren‚Äôt the ladies lining up for this modern gentleman even though I‚Äôm an engineering Sc.B. concentrator? Whatever; she‚Äôs the one missing out on these fortnite skills...,
2018-11-18T23:02Z,76,,false,What do international students do during Thanksgiving?,
2018-11-18T23:02Z,77,,false,"we had a thing a few years ago, and even though i've dated other people since then, i haven't had the same chemistry with any of them that i did with you. i really wish you couldve given me a reason to trust you",
2018-11-18T23:02Z,78,,false,"not sure where else to post this but how the fuck do I lose my virginity. coming from a really christian home in the south, i was taught to save myself for marriage but being here at brown has made me sort of reject that idea. That being said, I don‚Äôt want to go nuts and sleep with a bunch of different guys (of course if you want to do that, that‚Äôs great go for it!), and I also don‚Äôt really want my first time to be some random hook up. I‚Äôve been close to doing it before, but I always chicken out and tell the guy I‚Äôd rather not tonight, but then later regret saying no in the moment. Its like I want to be with someone who gets where I‚Äôm coming from, and will sort of help me just get this over with but in an encouraging, understanding way. I just want to be more open to sex in my life and get rid of this stigma I had pent up inside myself, but because its such a ‚Äúbig step‚Äù I have no clue how to go about it. I should say, I‚Äôm not coming from a place were I feel ‚Äúpressured‚Äù to lose my virginity. I‚Äôve thought it through for myself and I don‚Äôt. I just want to jump that hurdle and be able to enjoy sex with the v word is out of the way. Any advice?",
2018-11-19T04:23Z,79,,false,how to study abroad when you are premed? i feel reqs breathing down my back. can i study abroad in the summer. advice yall,
2018-11-19T04:23Z,80,,false,hi does anyone know if there's going to be another latinx sweater this year? i wasn't able to get one last year ;(,
2018-11-19T04:23Z,81,,false,can we please stop supporting rapists on this campus,
2018-11-19T04:23Z,82,,false,Fuck education I just wanna be rich and powerful,
2018-11-19T04:23Z,83,,false,"You know what I'm tired of? Feeling like I'm the only one putting in the effort into 85% of my friendships. Just once I'd like someone else to invite me to a party, or ask me to grab lunch without me making the 1st move. Anyone in a similar situation that can help me out?",
2018-11-19T04:24Z,84,,false,"Dear Blueno,

I have spent a lot of time over the past months working on myself and I feel like I am in a great place: I have a healthy sleep schedule, a good work/life balance, healthy diet, I exercise regularly, have a good routine established, long-term goals, and I have a good group of friends. Now I am really just looking for a partner (girlfriend) to share that with, and with whom to continue to grow. Anyone interested in continuing this journey with me?",
2018-11-19T04:24Z,85,,false,why is BearBA still posting? Are people still submitting to them or are their posts old? Blueno all the way,
2018-11-19T04:24Z,86,,false,how do we know that these posts are anonymous,
2018-11-19T17:24Z,87,,false,"I never really stress this much about a potential relationship, but I just want this one to happen so badly. Any tips to help me stop stressing and just allow things to play out naturally?",
2018-11-19T17:24Z,88,,false,is this the krusty krab?,
2018-11-19T17:24Z,89,,false,"My neighbors are very sensitive to sound, and they have a good reason to be! What can I do to minimize my sound? I don‚Äôt want to stop having my 3am conversations because I really feel they‚Äôre part of the college experience but I also want to be fair to them. We aren‚Äôt yelling or (imo) too loud but it seems they are fairly light sleepers. I‚Äôd like to minimize my negative impact on their lives while still maintaining my ability to have the ‚Äúfull‚Äù college experience.",
2018-11-19T17:24Z,90,,false,honestly dear blueno should just be renamed to anina hitt's life advice at this point,
2018-11-19T17:25Z,91,,false,dear people who don't pay attention when i'm chopping your salad: you won't get croutons and i'm not sorry,
2018-11-19T17:25Z,92,,false,Hot take: the word ‚Äúguys‚Äù is gender-neutral. I often say ‚Äúhey guys‚Äù to a group of entirely women . fight me. words evolve. I‚Äôm from the northeast I feel fake as fuck when I say y‚Äôall. (Also not a man. or a woman. this is a voice from the gender minority biches),
2018-11-19T19:07Z,93,,false,"After being rejected twice from being a TA, I just hope that I would get some feedback as to where I messed up. It is really discouraging and I feel that I am not good enough :( it also sucks to see all your friends get in and you are the only one left behind",
2018-11-19T19:07Z,94,,false,"I keep hearing about my friends who like someone, but are too afraid to say something. PLEASE JUST GO FOR IT. make a move! What is the worst thing that is going to happen? Are you going to explode? Is Grey's Anatomy going to get canceled? Will the ratty become our only dinning hall? no, no, no. Then lets get to it.",
2018-11-19T23:53Z,95,,false,Do you ever meet someone and they literally have no personality but a ton of friends???? Like how??? I keep waiting for them to say or do something interesting but they‚Äôre bland as fuck and I‚Äôm so confused and bored around them,
2018-11-19T23:53Z,96,,false,Will they still like me after Thanksgiving break?,
2018-11-19T23:54Z,97,,false,"Dear Blueno,
I let myself get so obsessed with people that wouldn't be my friends that I forgot to cultivate my own personality and now I depress myself and the friends I did manage to make. Can you paint my green jealousy blue like you?",
2018-11-19T23:54Z,98,,false,How are everyone's sophmore slumps going?,
2018-11-19T23:54Z,99,,false,"Dear Blueno,
I'm so tired of constantly questioning my sexuality. I'm sick of always wondering if potential feelings I may have towards someone may mean that I don't actually have the right to self-identity as my sexuality. And I can't help but wonder if sometimes I'm ignoring or pushing away my thoughts and feelings in a bid to at least keep my sexual orientation as a constant in my life.",
2018-11-19T23:55Z,100,,false,"Dear Blueno,

I'm a sophomore who's trying to rebuild their social life after a really bad end of Freshman year. I wish I could have a bunch of really close friends like I did last November, but I know these things take time. I'm getting more involved next semester, maybe I can meet new people there, too.

Thanks to all of the new people in my life who've helped me get through the past few months. I'm not super close with any of you (yet?), but you're all just so fun to be around. You've made such a big difference to my mental health.

I don't know how to express this without coming across as a half-baked Hallmark card, but I'll say it anyway. You'll never know how much small acts of positivity can influence someone else's life.",
